INSERT INTO house (id, adresse) VALUES
(1, 'Maison Alpha'),
(2, 'Maison Beta'),
(3, 'Maison Gamma');

INSERT INTO users (id, lastname, firstname, mail, type, password, point, autorisationAdmin, id_house) VALUES
(1, 'Nom1', 'Prenom1', 'user1@mail.com', 'Simple utilisateur', '1234', 9, 'OUI', 1),
(2, 'Nom2', 'Prenom2', 'user2@mail.com', 'Simple utilisateur', '1234', 7, 'OUI', 1),
(3, 'Nom3', 'Prenom3', 'user3@mail.com', 'Simple utilisateur', '1234', 4, 'OUI', 1),
(4, 'Nom4', 'Prenom4', 'user4@mail.com', 'Simple utilisateur', '1234', 17, 'OUI', 2),
(5, 'Nom5', 'Prenom5', 'user5@mail.com', 'Simple utilisateur', '1234', 8, 'OUI', 2),
(6, 'Nom6', 'Prenom6', 'user6@mail.com', 'Simple utilisateur', '1234', 18, 'OUI', 2),
(7, 'Nom7', 'Prenom7', 'user7@mail.com', 'Simple utilisateur', '1234', 2, 'OUI', 3),
(8, 'Nom8', 'Prenom8', 'user8@mail.com', 'Simple utilisateur', '1234', 10, 'OUI', 3),
(9, 'Nom9', 'Prenom9', 'user9@mail.com', 'Simple utilisateur', '1234', 17, 'OUI', 3);

INSERT INTO objet_connecte (id, type, id_house) VALUES
(1, 'alarme', 1),
(2, 'panneau_solaire', 1),
(3, 'arrosage', 1),
(4, 'thermostat', 1),
(5, 'volet_roulant', 1),
(6, 'lumiere', 1),
(7, 'thermostat', 1),
(8, 'volet_roulant', 1),
(9, 'lumiere', 1),
(10, 'thermostat', 1),
(11, 'volet_roulant', 1),
(12, 'lumiere', 1),
(13, 'alarme', 2),
(14, 'panneau_solaire', 2),
(15, 'arrosage', 2),
(16, 'thermostat', 2),
(17, 'volet_roulant', 2),
(18, 'lumiere', 2),
(19, 'thermostat', 2),
(20, 'volet_roulant', 2),
(21, 'lumiere', 2),
(22, 'thermostat', 2),
(23, 'volet_roulant', 2),
(24, 'lumiere', 2),
(25, 'alarme', 3),
(26, 'panneau_solaire', 3),
(27, 'arrosage', 3),
(28, 'thermostat', 3),
(29, 'volet_roulant', 3),
(30, 'lumiere', 3),
(31, 'thermostat', 3),
(32, 'volet_roulant', 3),
(33, 'lumiere', 3),
(34, 'thermostat', 3),
(35, 'volet_roulant', 3),
(36, 'lumiere', 3);

INSERT INTO alarme (id, est_active, est_partielle, niveau_signal, consommation, mot_de_passe, derniere_maj) VALUES
(1, 0, 0, 'fort', 0, '1234', NOW()),
(13, 0, 0, 'fort', 0, '1234', NOW()),
(25, 0, 0, 'fort', 0, '1234', NOW());

INSERT INTO panneau_solaire (id_objet_connecte, production_kw, capacite_kwc, consommation_kw, temperature_c, tension_v, economie_kwh, co2_evite_kg, actif, derniere_mise_a_jour) VALUES
(2, 0.0, 6.0, 0.0, 25, 230, 0.0, 0.0, TRUE, NOW()),
(14, 0.0, 6.0, 0.0, 25, 230, 0.0, 0.0, TRUE, NOW()),
(26, 0.0, 6.0, 0.0, 25, 230, 0.0, 0.0, TRUE, NOW());

INSERT INTO arrosage (id_objet_connecte, actif, humidite_sol, heure_modification) VALUES
(3, TRUE, 50, NOW()),
(15, TRUE, 50, NOW()),
(27, TRUE, 50, NOW());

INSERT INTO thermostat (id_objet_connecte, nom_objet, position, temperature_actuelle, temperature_cible, humidite_cible, humidite_affichee, connectivite, consommation_electricite, derniere_interaction, type_interaction) VALUES
(4, 'Thermo4', 'Salon', 21.0, 22.0, 50, 50, 'Signal fort', 0.0, NOW(), 'Init'),
(7, 'Thermo7', 'Salon', 21.0, 22.0, 50, 50, 'Signal fort', 0.0, NOW(), 'Init'),
(10, 'Thermo10', 'Salon', 21.0, 22.0, 50, 50, 'Signal fort', 0.0, NOW(), 'Init'),
(16, 'Thermo16', 'Salon', 21.0, 22.0, 50, 50, 'Signal fort', 0.0, NOW(), 'Init'),
(19, 'Thermo19', 'Salon', 21.0, 22.0, 50, 50, 'Signal fort', 0.0, NOW(), 'Init'),
(22, 'Thermo22', 'Salon', 21.0, 22.0, 50, 50, 'Signal fort', 0.0, NOW(), 'Init'),
(28, 'Thermo28', 'Salon', 21.0, 22.0, 50, 50, 'Signal fort', 0.0, NOW(), 'Init'),
(31, 'Thermo31', 'Salon', 21.0, 22.0, 50, 50, 'Signal fort', 0.0, NOW(), 'Init'),
(34, 'Thermo34', 'Salon', 21.0, 22.0, 50, 50, 'Signal fort', 0.0, NOW(), 'Init');

INSERT INTO volet_roulant (id_objet_connecte, nom_objet, position, ouverture, statut, connectivite, consommation_electricite, derniere_interaction, type_interaction, mode_securite) VALUES
(5, 'Volet5', 'Chambre', 50, 'partiellement ouvert', 'Signal moyen', 0.0, NOW(), 'Init', FALSE),
(8, 'Volet8', 'Chambre', 50, 'partiellement ouvert', 'Signal moyen', 0.0, NOW(), 'Init', FALSE),
(11, 'Volet11', 'Chambre', 50, 'partiellement ouvert', 'Signal moyen', 0.0, NOW(), 'Init', FALSE),
(17, 'Volet17', 'Chambre', 50, 'partiellement ouvert', 'Signal moyen', 0.0, NOW(), 'Init', FALSE),
(20, 'Volet20', 'Chambre', 50, 'partiellement ouvert', 'Signal moyen', 0.0, NOW(), 'Init', FALSE),
(23, 'Volet23', 'Chambre', 50, 'partiellement ouvert', 'Signal moyen', 0.0, NOW(), 'Init', FALSE),
(29, 'Volet29', 'Chambre', 50, 'partiellement ouvert', 'Signal moyen', 0.0, NOW(), 'Init', FALSE),
(32, 'Volet32', 'Chambre', 50, 'partiellement ouvert', 'Signal moyen', 0.0, NOW(), 'Init', FALSE),
(35, 'Volet35', 'Chambre', 50, 'partiellement ouvert', 'Signal moyen', 0.0, NOW(), 'Init', FALSE);

INSERT INTO lumiere (id_objet_connecte, nom, piece, etat, intensite, couleur, connectivite, consommation_electricite, derniere_interaction) VALUES
(6, 'Lumiere6', 'Cuisine', FALSE, 75, 'Blanc', 'Fort', 0.0, NOW()),
(9, 'Lumiere9', 'Cuisine', FALSE, 75, 'Blanc', 'Fort', 0.0, NOW()),
(12, 'Lumiere12', 'Cuisine', FALSE, 75, 'Blanc', 'Fort', 0.0, NOW()),
(18, 'Lumiere18', 'Cuisine', FALSE, 75, 'Blanc', 'Fort', 0.0, NOW()),
(21, 'Lumiere21', 'Cuisine', FALSE, 75, 'Blanc', 'Fort', 0.0, NOW()),
(24, 'Lumiere24', 'Cuisine', FALSE, 75, 'Blanc', 'Fort', 0.0, NOW()),
(30, 'Lumiere30', 'Cuisine', FALSE, 75, 'Blanc', 'Fort', 0.0, NOW()),
(33, 'Lumiere33', 'Cuisine', FALSE, 75, 'Blanc', 'Fort', 0.0, NOW()),
(36, 'Lumiere36', 'Cuisine', FALSE, 75, 'Blanc', 'Fort', 0.0, NOW());

INSERT INTO electricity (id_house, type_objet, conso_kwh, mois, annee) VALUES
(1, 'Lumière', 1.53, 'janvier', 2025),
(1, 'Lumière', 2.30, 'janvier', 2025),
(1, 'Lumière', 2.59, 'janvier', 2025),
(1, 'Lumière', 4.77, 'janvier', 2025),
(1, 'Lumière', 5.00, 'janvier', 2025),
(1, 'Lumière', 2.93, 'janvier', 2025),
(1, 'Lumière', 2.84, 'janvier', 2025),
(1, 'Lumière', 4.28, 'janvier', 2025),
(1, 'Lumière', 2.50, 'janvier', 2025),
(1, 'Lumière', 1.16, 'janvier', 2025),
(1, 'Lumière', 1.94, 'février', 2025),
(1, 'Lumière', 1.49, 'février', 2025),
(1, 'Lumière', 4.94, 'février', 2025),
(1, 'Lumière', 3.88, 'février', 2025),
(1, 'Lumière', 4.33, 'février', 2025),
(1, 'Lumière', 2.08, 'février', 2025),
(1, 'Lumière', 3.86, 'février', 2025),
(1, 'Lumière', 3.73, 'février', 2025),
(1, 'Lumière', 3.46, 'février', 2025),
(1, 'Lumière', 3.96, 'février', 2025),
(1, 'Lumière', 1.19, 'mars', 2025),
(1, 'Lumière', 2.73, 'mars', 2025),
(1, 'Lumière', 2.98, 'mars', 2025),
(1, 'Lumière', 3.07, 'mars', 2025),
(1, 'Lumière', 3.04, 'mars', 2025),
(1, 'Lumière', 3.30, 'mars', 2025),
(1, 'Lumière', 4.77, 'mars', 2025),
(1, 'Lumière', 3.91, 'mars', 2025),
(1, 'Lumière', 3.78, 'mars', 2025),
(1, 'Lumière', 4.66, 'mars', 2025),
(1, 'Lumière', 4.41, 'avril', 2025),
(1, 'Lumière', 4.46, 'avril', 2025),
(1, 'Lumière', 4.86, 'avril', 2025),
(1, 'Lumière', 2.47, 'avril', 2025),
(1, 'Lumière', 4.57, 'avril', 2025),
(1, 'Lumière', 4.83, 'avril', 2025),
(1, 'Lumière', 2.95, 'avril', 2025),
(1, 'Lumière', 1.04, 'avril', 2025),
(1, 'Lumière', 2.56, 'avril', 2025),
(1, 'Lumière', 4.13, 'avril', 2025),
(1, 'Lumière', 2.33, 'mai', 2025),
(1, 'Lumière', 4.97, 'mai', 2025),
(1, 'Lumière', 3.34, 'mai', 2025),
(1, 'Lumière', 1.52, 'mai', 2025),
(1, 'Lumière', 1.06, 'mai', 2025),
(1, 'Lumière', 3.75, 'mai', 2025),
(1, 'Lumière', 3.55, 'mai', 2025),
(1, 'Lumière', 3.64, 'mai', 2025),
(1, 'Lumière', 3.67, 'mai', 2025),
(1, 'Lumière', 4.96, 'mai', 2025),
(2, 'Lumière', 3.88, 'janvier', 2025),
(2, 'Lumière', 4.50, 'janvier', 2025),
(2, 'Lumière', 2.23, 'janvier', 2025),
(2, 'Lumière', 3.63, 'janvier', 2025),
(2, 'Lumière', 1.14, 'janvier', 2025),
(2, 'Lumière', 4.92, 'janvier', 2025),
(2, 'Lumière', 3.26, 'janvier', 2025),
(2, 'Lumière', 3.32, 'janvier', 2025),
(2, 'Lumière', 3.16, 'janvier', 2025),
(2, 'Lumière', 1.68, 'janvier', 2025),
(2, 'Lumière', 4.24, 'février', 2025),
(2, 'Lumière', 4.03, 'février', 2025),
(2, 'Lumière', 3.17, 'février', 2025),
(2, 'Lumière', 4.72, 'février', 2025),
(2, 'Lumière', 2.77, 'février', 2025),
(2, 'Lumière', 3.50, 'février', 2025),
(2, 'Lumière', 3.12, 'février', 2025),
(2, 'Lumière', 3.33, 'février', 2025),
(2, 'Lumière', 3.68, 'février', 2025),
(2, 'Lumière', 2.95, 'février', 2025),
(2, 'Lumière', 4.48, 'mars', 2025),
(2, 'Lumière', 1.16, 'mars', 2025),
(2, 'Lumière', 2.79, 'mars', 2025),
(2, 'Lumière', 3.16, 'mars', 2025),
(2, 'Lumière', 2.71, 'mars', 2025),
(2, 'Lumière', 1.00, 'mars', 2025),
(2, 'Lumière', 3.09, 'mars', 2025),
(2, 'Lumière', 4.48, 'mars', 2025),
(2, 'Lumière', 1.78, 'mars', 2025),
(2, 'Lumière', 1.42, 'mars', 2025),
(2, 'Lumière', 2.18, 'avril', 2025),
(2, 'Lumière', 4.88, 'avril', 2025),
(2, 'Lumière', 1.76, 'avril', 2025),
(2, 'Lumière', 2.60, 'avril', 2025),
(2, 'Lumière', 1.47, 'avril', 2025),
(2, 'Lumière', 4.45, 'avril', 2025),
(2, 'Lumière', 2.52, 'avril', 2025),
(2, 'Lumière', 1.57, 'avril', 2025),
(2, 'Lumière', 1.42, 'avril', 2025),
(2, 'Lumière', 1.26, 'avril', 2025),
(2, 'Lumière', 4.60, 'mai', 2025),
(2, 'Lumière', 4.01, 'mai', 2025),
(2, 'Lumière', 2.37, 'mai', 2025),
(2, 'Lumière', 4.65, 'mai', 2025),
(2, 'Lumière', 2.72, 'mai', 2025),
(2, 'Lumière', 3.73, 'mai', 2025),
(2, 'Lumière', 4.60, 'mai', 2025),
(2, 'Lumière', 2.23, 'mai', 2025),
(2, 'Lumière', 2.10, 'mai', 2025),
(2, 'Lumière', 4.29, 'mai', 2025),
(3, 'Lumière', 3.07, 'janvier', 2025),
(3, 'Lumière', 4.55, 'janvier', 2025),
(3, 'Lumière', 4.40, 'janvier', 2025),
(3, 'Lumière', 3.42, 'janvier', 2025),
(3, 'Lumière', 1.86, 'janvier', 2025),
(3, 'Lumière', 3.80, 'janvier', 2025),
(3, 'Lumière', 3.28, 'janvier', 2025),
(3, 'Lumière', 3.91, 'janvier', 2025),
(3, 'Lumière', 3.00, 'janvier', 2025),
(3, 'Lumière', 2.83, 'janvier', 2025),
(3, 'Lumière', 3.35, 'février', 2025),
(3, 'Lumière', 4.79, 'février', 2025),
(3, 'Lumière', 4.26, 'février', 2025),
(3, 'Lumière', 4.70, 'février', 2025),
(3, 'Lumière', 3.73, 'février', 2025),
(3, 'Lumière', 2.87, 'février', 2025),
(3, 'Lumière', 2.40, 'février', 2025),
(3, 'Lumière', 3.89, 'février', 2025),
(3, 'Lumière', 1.31, 'février', 2025),
(3, 'Lumière', 1.82, 'février', 2025),
(3, 'Lumière', 3.32, 'mars', 2025),
(3, 'Lumière', 1.71, 'mars', 2025),
(3, 'Lumière', 1.16, 'mars', 2025),
(3, 'Lumière', 4.60, 'mars', 2025),
(3, 'Lumière', 1.38, 'mars', 2025),
(3, 'Lumière', 2.54, 'mars', 2025),
(3, 'Lumière', 2.83, 'mars', 2025),
(3, 'Lumière', 2.32, 'mars', 2025),
(3, 'Lumière', 1.39, 'mars', 2025),
(3, 'Lumière', 2.26, 'mars', 2025),
(3, 'Lumière', 2.70, 'avril', 2025),
(3, 'Lumière', 5.00, 'avril', 2025),
(3, 'Lumière', 3.77, 'avril', 2025),
(3, 'Lumière', 4.56, 'avril', 2025),
(3, 'Lumière', 1.79, 'avril', 2025),
(3, 'Lumière', 1.48, 'avril', 2025),
(3, 'Lumière', 1.02, 'avril', 2025),
(3, 'Lumière', 2.57, 'avril', 2025),
(3, 'Lumière', 3.64, 'avril', 2025),
(3, 'Lumière', 1.92, 'avril', 2025),
(3, 'Lumière', 2.91, 'mai', 2025),
(3, 'Lumière', 2.49, 'mai', 2025),
(3, 'Lumière', 4.58, 'mai', 2025),
(3, 'Lumière', 4.18, 'mai', 2025),
(3, 'Lumière', 4.54, 'mai', 2025),
(3, 'Lumière', 1.13, 'mai', 2025),
(3, 'Lumière', 2.27, 'mai', 2025),
(3, 'Lumière', 1.54, 'mai', 2025),
(3, 'Lumière', 4.93, 'mai', 2025),
(3, 'Lumière', 3.42, 'mai', 2025);

INSERT INTO water (id_house, type_objet, conso_litre, mois, annee) VALUES
(1, 'Arrosage', 13.09, 'janvier', 2025),
(1, 'Arrosage', 17.96, 'janvier', 2025),
(1, 'Arrosage', 34.02, 'janvier', 2025),
(1, 'Arrosage', 36.73, 'janvier', 2025),
(1, 'Arrosage', 16.22, 'janvier', 2025),
(1, 'Arrosage', 12.18, 'janvier', 2025),
(1, 'Arrosage', 46.44, 'janvier', 2025),
(1, 'Arrosage', 41.55, 'janvier', 2025),
(1, 'Arrosage', 49.30, 'janvier', 2025),
(1, 'Arrosage', 44.86, 'janvier', 2025),
(1, 'Arrosage', 12.33, 'février', 2025),
(1, 'Arrosage', 11.47, 'février', 2025),
(1, 'Arrosage', 30.45, 'février', 2025),
(1, 'Arrosage', 23.96, 'février', 2025),
(1, 'Arrosage', 41.83, 'février', 2025),
(1, 'Arrosage', 40.38, 'février', 2025),
(1, 'Arrosage', 40.48, 'février', 2025),
(1, 'Arrosage', 49.76, 'février', 2025),
(1, 'Arrosage', 33.73, 'février', 2025),
(1, 'Arrosage', 17.44, 'février', 2025),
(1, 'Arrosage', 39.95, 'mars', 2025),
(1, 'Arrosage', 14.24, 'mars', 2025),
(1, 'Arrosage', 18.32, 'mars', 2025),
(1, 'Arrosage', 49.26, 'mars', 2025),
(1, 'Arrosage', 23.79, 'mars', 2025),
(1, 'Arrosage', 21.93, 'mars', 2025),
(1, 'Arrosage', 39.14, 'mars', 2025),
(1, 'Arrosage', 14.05, 'mars', 2025),
(1, 'Arrosage', 48.98, 'mars', 2025),
(1, 'Arrosage', 47.19, 'mars', 2025),
(1, 'Arrosage', 44.66, 'avril', 2025),
(1, 'Arrosage', 42.88, 'avril', 2025),
(1, 'Arrosage', 47.78, 'avril', 2025),
(1, 'Arrosage', 10.96, 'avril', 2025),
(1, 'Arrosage', 42.29, 'avril', 2025),
(1, 'Arrosage', 26.80, 'avril', 2025),
(1, 'Arrosage', 42.86, 'avril', 2025),
(1, 'Arrosage', 26.25, 'avril', 2025),
(1, 'Arrosage', 45.48, 'avril', 2025),
(1, 'Arrosage', 28.66, 'avril', 2025),
(1, 'Arrosage', 48.16, 'mai', 2025),
(1, 'Arrosage', 37.78, 'mai', 2025),
(1, 'Arrosage', 48.83, 'mai', 2025),
(1, 'Arrosage', 11.89, 'mai', 2025),
(1, 'Arrosage', 16.65, 'mai', 2025),
(1, 'Arrosage', 17.95, 'mai', 2025),
(1, 'Arrosage', 41.55, 'mai', 2025),
(1, 'Arrosage', 20.94, 'mai', 2025),
(1, 'Arrosage', 36.77, 'mai', 2025),
(1, 'Arrosage', 22.59, 'mai', 2025),
(2, 'Arrosage', 12.59, 'janvier', 2025),
(2, 'Arrosage', 23.95, 'janvier', 2025),
(2, 'Arrosage', 11.87, 'janvier', 2025),
(2, 'Arrosage', 14.20, 'janvier', 2025),
(2, 'Arrosage', 45.04, 'janvier', 2025),
(2, 'Arrosage', 47.86, 'janvier', 2025),
(2, 'Arrosage', 19.37, 'janvier', 2025),
(2, 'Arrosage', 27.97, 'janvier', 2025),
(2, 'Arrosage', 42.58, 'janvier', 2025),
(2, 'Arrosage', 37.39, 'janvier', 2025),
(2, 'Arrosage', 46.99, 'février', 2025),
(2, 'Arrosage', 30.42, 'février', 2025),
(2, 'Arrosage', 10.48, 'février', 2025),
(2, 'Arrosage', 22.16, 'février', 2025),
(2, 'Arrosage', 31.84, 'février', 2025),
(2, 'Arrosage', 10.39, 'février', 2025),
(2, 'Arrosage', 43.43, 'février', 2025),
(2, 'Arrosage', 11.02, 'février', 2025),
(2, 'Arrosage', 43.69, 'février', 2025),
(2, 'Arrosage', 33.78, 'février', 2025),
(2, 'Arrosage', 19.51, 'mars', 2025),
(2, 'Arrosage', 31.50, 'mars', 2025),
(2, 'Arrosage', 30.64, 'mars', 2025),
(2, 'Arrosage', 20.96, 'mars', 2025),
(2, 'Arrosage', 40.22, 'mars', 2025),
(2, 'Arrosage', 33.61, 'mars', 2025),
(2, 'Arrosage', 33.29, 'mars', 2025),
(2, 'Arrosage', 14.39, 'mars', 2025),
(2, 'Arrosage', 40.71, 'mars', 2025),
(2, 'Arrosage', 46.10, 'mars', 2025),
(2, 'Arrosage', 21.91, 'avril', 2025),
(2, 'Arrosage', 43.91, 'avril', 2025),
(2, 'Arrosage', 30.45, 'avril', 2025),
(2, 'Arrosage', 27.17, 'avril', 2025),
(2, 'Arrosage', 38.81, 'avril', 2025),
(2, 'Arrosage', 35.27, 'avril', 2025),
(2, 'Arrosage', 22.75, 'avril', 2025),
(2, 'Arrosage', 26.68, 'avril', 2025),
(2, 'Arrosage', 43.90, 'avril', 2025),
(2, 'Arrosage', 27.26, 'avril', 2025),
(2, 'Arrosage', 32.17, 'mai', 2025),
(2, 'Arrosage', 40.11, 'mai', 2025),
(2, 'Arrosage', 19.26, 'mai', 2025),
(2, 'Arrosage', 43.49, 'mai', 2025),
(2, 'Arrosage', 25.62, 'mai', 2025),
(2, 'Arrosage', 48.34, 'mai', 2025),
(2, 'Arrosage', 49.08, 'mai', 2025),
(2, 'Arrosage', 27.57, 'mai', 2025),
(2, 'Arrosage', 13.69, 'mai', 2025),
(2, 'Arrosage', 15.64, 'mai', 2025),
(3, 'Arrosage', 28.91, 'janvier', 2025),
(3, 'Arrosage', 42.54, 'janvier', 2025),
(3, 'Arrosage', 43.92, 'janvier', 2025),
(3, 'Arrosage', 20.18, 'janvier', 2025),
(3, 'Arrosage', 11.23, 'janvier', 2025),
(3, 'Arrosage', 29.42, 'janvier', 2025),
(3, 'Arrosage', 36.65, 'janvier', 2025),
(3, 'Arrosage', 20.71, 'janvier', 2025),
(3, 'Arrosage', 10.49, 'janvier', 2025),
(3, 'Arrosage', 20.93, 'janvier', 2025),
(3, 'Arrosage', 15.67, 'février', 2025),
(3, 'Arrosage', 37.95, 'février', 2025),
(3, 'Arrosage', 15.52, 'février', 2025),
(3, 'Arrosage', 30.61, 'février', 2025),
(3, 'Arrosage', 47.03, 'février', 2025),
(3, 'Arrosage', 41.13, 'février', 2025),
(3, 'Arrosage', 19.02, 'février', 2025),
(3, 'Arrosage', 26.60, 'février', 2025),
(3, 'Arrosage', 45.64, 'février', 2025),
(3, 'Arrosage', 26.59, 'février', 2025),
(3, 'Arrosage', 37.22, 'mars', 2025),
(3, 'Arrosage', 28.24, 'mars', 2025),
(3, 'Arrosage', 26.65, 'mars', 2025),
(3, 'Arrosage', 39.78, 'mars', 2025),
(3, 'Arrosage', 48.47, 'mars', 2025),
(3, 'Arrosage', 19.70, 'mars', 2025),
(3, 'Arrosage', 39.77, 'mars', 2025),
(3, 'Arrosage', 23.88, 'mars', 2025),
(3, 'Arrosage', 21.15, 'mars', 2025),
(3, 'Arrosage', 31.85, 'mars', 2025),
(3, 'Arrosage', 40.44, 'avril', 2025),
(3, 'Arrosage', 22.55, 'avril', 2025),
(3, 'Arrosage', 17.36, 'avril', 2025),
(3, 'Arrosage', 21.90, 'avril', 2025),
(3, 'Arrosage', 13.77, 'avril', 2025),
(3, 'Arrosage', 13.56, 'avril', 2025),
(3, 'Arrosage', 30.83, 'avril', 2025),
(3, 'Arrosage', 13.73, 'avril', 2025),
(3, 'Arrosage', 18.40, 'avril', 2025),
(3, 'Arrosage', 46.00, 'avril', 2025),
(3, 'Arrosage', 23.73, 'mai', 2025),
(3, 'Arrosage', 10.65, 'mai', 2025),
(3, 'Arrosage', 11.83, 'mai', 2025),
(3, 'Arrosage', 13.75, 'mai', 2025),
(3, 'Arrosage', 23.71, 'mai', 2025),
(3, 'Arrosage', 31.14, 'mai', 2025),
(3, 'Arrosage', 34.31, 'mai', 2025),
(3, 'Arrosage', 20.86, 'mai', 2025),
(3, 'Arrosage', 25.87, 'mai', 2025),
(3, 'Arrosage', 47.18, 'mai', 2025);

